Country Name,Country Code,Series Name,Series Code,1960 [YR1960],1961 [YR1961],1962 [YR1962],1963 [YR1963],1964 [YR1964],1965 [YR1965],1966 [YR1966],1967 [YR1967],1968 [YR1968],1969 [YR1969],1970 [YR1970],1971 [YR1971],1972 [YR1972],1973 [YR1973],1974 [YR1974],1975 [YR1975],1976 [YR1976],1977 [YR1977],1978 [YR1978],1979 [YR1979],1980 [YR1980],1981 [YR1981],1982 [YR1982],1983 [YR1983],1984 [YR1984],1985 [YR1985],1986 [YR1986],1987 [YR1987],1988 [YR1988],1989 [YR1989],1990 [YR1990],1991 [YR1991],1992 [YR1992],1993 [YR1993],1994 [YR1994],1995 [YR1995],1996 [YR1996],1997 [YR1997],1998 [YR1998],1999 [YR1999],2000 [YR2000],2001 [YR2001],2002 [YR2002],2003 [YR2003],2004 [YR2004],2005 [YR2005],2006 [YR2006],2007 [YR2007],2008 [YR2008],2009 [YR2009],2010 [YR2010],2011 [YR2011],2012 [YR2012],2013 [YR2013],2014 [YR2014],2015 [YR2015],2016 [YR2016],2017 [YR2017],2018 [YR2018],2019 [YR2019],2020 [YR2020],2021 [YR2021],2022 [YR2022],2023 [YR2023]
Brazil,BRA,"Population, total",SP.POP.TOTL,73092515,75330008,77599218,79915555,82262794,84623747,86979283,89323288,91659246,94000381,96369875,98766288,101194394,103666904,106167372,108700515,111286504,113939886,116664382,119447303,122288383,125168060,128065095,130977370,133888775,136783180,139643355,142466264,145253973,148003411,150706446,153336445,155900790,158440875,160980472,163515328,166037122,168546707,171039804,173486281,175873720,178211881,180476685,182629278,184722043,186797334,188820682,190779453,192672317,194517549,196353492,198185302,199977707,201721767,203459650,205188205,206859578,208504960,210166592,211782878,213196304,214326223,215313498,216422446
Brazil,BRA,Population growth (annual %),SP.POP.GROW,..,3.01526005047239,2.96787817818218,2.94131648566263,2.89484130253514,2.82959969227739,2.74550392376401,2.65922738976291,2.58156152355105,2.52209824589392,2.48948173249209,2.45626791737847,2.42870281100896,2.41395528354971,2.38339170665403,2.35797019623163,2.35114611411072,2.35630004576209,2.36302892413041,2.35740122657389,2.35067554142294,2.32752638519273,2.28813750386516,2.24858708498709,2.19848577788892,2.13876264469418,2.06946636025339,2.00135198055614,1.93785203770648,1.87515725979579,1.80985576444804,1.7300615647074,1.65853493143757,1.61616519320128,1.5901570368766,1.56236694760604,1.53046546832903,1.50015143980194,1.46833970853954,1.42022228691432,1.36677132973907,1.32069475807143,1.26284153622856,1.18566943930002,1.13939301199192,1.11720287765336,1.07735384590771,1.03202723327326,0.987284202776065,0.953147864558066,0.93941802248079,0.928589629509177,0.900343360601223,0.868346150167205,0.857834828724811,0.845992601345206,0.8112564782781,0.79226340042227,0.793768153848091,0.766107802084815,0.665176682246802,0.528590452919416,0.459583548488331,0.513716985680443
Brazil,BRA,Surface area (sq. km),AG.SRF.TOTL.K2,..,8515770,8515770,8515770,8515770,8515770,8515770,8515770,8515770,8515770,8515770,8515770,8515770,8515770,8515770,8515770,8515770,8515770,8515770,8515770,8515770,8515770,8515770,8515770,8515770,8515770,8515770,8515770,8515770,8515770,8515770,8515770,8515770,8515770,8515770,8515770,8515770,8515770,8515770,8515770,8515770,8515770,8515770,8515770,8515770,8515770,8515770,8515770,8515770,8515770,8515770,8515770,8515770,8515770,8515770,8515770,8515770,8515770,8515770,8515770,8515770,8515770,..,..
Brazil,BRA,Population density (people per sq. km of land area),EN.POP.DNST,..,9.01277174108115,9.28426874878861,9.56140421194189,9.84223690916879,10.1247104020751,10.4065357842774,10.6869815533121,10.9664645483325,11.2465669395344,11.5300623105141,11.8167783741359,12.1072863101121,12.4031069113463,12.7022725151768,13.0053474816167,13.3147451466475,13.6322059692707,13.9581751442307,14.2911345107883,14.631052243681,14.9755878700285,15.3222002742237,15.6706360506046,16.018967736841,16.3652654777259,16.7074678098237,17.0452114944234,17.3787437157071,17.7076970474292,18.0310985458487,18.3457617364629,18.6525698301297,18.956475364136,19.2603225119464,19.5636024282915,19.8653195567435,20.1655759535016,20.4638596625565,20.7565655755946,21.0422079553585,21.3219545257677,21.5929243826976,21.8504688842254,22.1008553338422,22.3491511269254,22.591232259809,22.8255871521654,23.0520566776819,23.2728273276112,23.4924866058716,23.711651396124,23.9261016206955,24.1347676636189,24.3426946665167,24.5495056316357,24.7494751224555,24.9463349501205,25.1451389902538,25.3385176606278,25.5076253807665,25.6428132335663,..,..
Brazil,BRA,Poverty headcount ratio at national poverty lines (% of population),SI.POV.NAHC,..,..,..,..,..,..,..,..,..,..,..,..,..,..,..,..,..,..,..,..,..,..,..,..,..,..,..,..,..,..,..,..,..,..,..,..,..,..,..,..,..,..,..,..,..,..,..,..,..,..,..,..,..,..,..,..,..,..,..,..,..,..,..,..
Brazil,BRA,Poverty headcount ratio at $2.15 a day (2017 PPP) (% of population),SI.POV.DDAY,..,..,..,..,..,..,..,..,..,..,..,..,..,..,..,..,..,..,..,..,..,23.9,24.4,30.6,29.9,25.8,12.3,19.9,22.4,20.4,24,..,23.3,22.1,..,14.7,16,16,14.3,15,..,13,11.7,12.6,11.1,10,8.3,7.9,6.5,6.1,..,5.3,4.5,3.7,3.3,3.9,4.7,5.3,5.3,5.4,2,5.8,3.5,..
Brazil,BRA,"GNI, Atlas method (current US$)",NY.GNP.ATLS.CD,..,..,..,..,..,..,..,..,..,..,..,..,..,..,..,..,..,..,..,..,..,..,..,..,..,..,..,..,..,1345527000000,591919649713.4,384678326383.672,359862125313.451,362410045117.045,416537634770.633,556281947033.946,725639633505.606,852111648970.761,842277820409.276,726412681952.88,687477556780.305,593934957879.986,556554307896.793,543480885948.139,616154518607.021,743914453653.649,912923812585.757,1177507343709.34,1462688048541.99,1614029651681.32,1887913826108.59,2188955644294.6,2453809428178.75,2571101412005.62,2457007358839.97,2084247076853.44,1839991782313.57,1808496550031.44,1920050002129.84,1953066789009.92,1686362765402.33,1689214234004.24,1774306722167.31,1962339257716.99
Brazil,BRA,"GNI per capita, Atlas method (current US$)",NY.GNP.PCAP.CD,..,..,..,..,..,..,..,..,..,..,..,..,..,..,..,..,..,..,..,..,..,..,..,..,..,..,..,..,..,9090,3930,2510,2310,2290,2590,3400,4370,5060,4920,4190,3910,3330,3080,2980,3340,3980,4830,6170,7590,8300,9610,11040,12270,12750,12080,10160,8890,8670,9140,9220,7910,7880,8240,9070
Brazil,BRA,"GNI, PPP (current international $)",NY.GNP.MKTP.PP.CD,..,..,..,..,..,..,..,..,..,..,..,..,..,..,..,..,..,..,..,..,..,..,..,..,..,..,..,..,..,..,970943125392.979,1018487037230.75,1039787181935.5,1110614656735.46,1183383349636.25,1291260864721.42,1344755550838.25,1409900217265.26,1424526542052.21,1436380069374.9,1536571396437.17,1586988045978.2,1659007167118.67,1714272367637.77,1865979623726.29,1987414877083.92,2138389134620.67,2338676738058.18,2496774336197.05,2515168077503.67,2712853462249.96,2894294561187.9,2917485070078.82,3077181547383.86,3107797557672.48,2932875379050,2846197824606.73,2924570810530.11,3098565570921.3,3244270827745.74,3289682051501.6,3669595464809.27,4055711022422.35,4325589161713.06
Brazil,BRA,"GNI per capita, PPP (current international $)",NY.GNP.PCAP.PP.CD,..,..,..,..,..,..,..,..,..,..,..,..,..,..,..,..,..,..,..,..,..,..,..,..,..,..,..,..,..,..,6440,6640,6670,7010,7350,7900,8100,8370,8330,8280,8740,8910,9190,9390,10100,10640,11320,12260,12960,12930,13820,14600,14590,15250,15270,14290,13760,14030,14740,15320,15430,17120,18840,19990
Brazil,BRA,Income share held by lowest 20%,SI.DST.FRST.20,..,..,..,..,..,..,..,..,..,..,..,..,..,..,..,..,..,..,..,..,..,2.7,2.7,2.7,2.8,2.9,2.7,2.4,2.2,2,2.3,..,2.9,2.4,..,2.5,2.3,2.3,2.4,2.5,..,2.5,2.6,2.6,2.9,2.9,3,3,3.2,3.2,..,3.3,3.4,3.5,3.6,3.6,3.3,3.2,3.1,3.1,4.5,3.3,3.6,..
Brazil,BRA,"Life expectancy at birth, total (years)",SP.DYN.LE00.IN,52.66,53.183,53.71,54.209,54.648,55.084,55.473,55.868,56.31,56.748,57.171,57.586,58.032,58.472,58.881,59.353,59.792,60.24,60.72,61.253,61.781,62.333,62.856,63.331,63.773,64.198,64.64,65.08,65.454,65.868,65.985,66.31,66.708,67.109,67.568,67.919,68.409,68.813,69.189,69.524,69.737,70.195,70.41,70.72,71.131,71.753,72.037,72.365,72.715,72.948,73.182,73.343,73.552,73.918,74.306,74.332,74.442,74.827,75.109,75.338,74.009,72.75,73.425,..
Brazil,BRA,"Fertility rate, total (births per woman)",SP.DYN.TFRT.IN,6.061,6.044,5.995,5.929,5.818,5.675,5.529,5.368,5.202,5.079,4.972,4.857,4.746,4.646,4.502,4.415,4.339,4.267,4.195,4.12,4.037,3.943,3.838,3.723,3.6,3.471,3.342,3.234,3.112,3.01,2.905,2.815,2.719,2.672,2.617,2.579,2.516,2.465,2.409,2.331,2.255,2.183,2.103,2.023,2.002,1.974,1.927,1.881,1.842,1.825,1.81,1.8,1.767,1.748,1.767,1.777,1.709,1.736,1.749,1.703,1.649,1.641,1.626,..
Brazil,BRA,"Adolescent fertility rate (births per 1,000 women ages 15-19)",SP.ADO.TFRT,95.216,94.046,92.551,91.618,89.618,85.292,81.724,78.153,75.304,74.062,73.886,75.195,77.176,79.006,79.419,79.672,80.425,80.298,79.467,78.592,79.41,80.324,81.036,82.948,82.558,85.05,85.146,87.022,88.143,88.072,87.528,86.993,85.679,85.805,85.549,86.592,86.76,87.621,88.216,87.211,86.362,85.862,81.978,78.704,78.351,77.864,75.657,73.105,69.789,67.881,66.179,65.23,63.675,62.936,63.12,62.434,57.88,55.566,53.436,50.015,46.296,45.2,43.582,..
Brazil,BRA,"Contraceptive prevalence, any method (% of married women ages 15-49)",SP.DYN.CONU.ZS,..,..,..,..,..,..,..,..,..,..,..,..,..,..,..,..,..,..,..,..,..,..,..,..,..,..,66.2,..,..,..,..,..,..,..,..,..,76.7,..,..,..,..,..,..,..,..,..,..,80.6,..,..,..,..,..,80.2,..,..,..,..,..,..,..,..,..,..
Brazil,BRA,Births attended by skilled health staff (% of total),SH.STA.BRTC.ZS,..,..,..,..,..,..,..,..,..,..,..,..,..,..,..,..,..,..,..,..,..,..,..,..,..,..,..,..,..,..,..,69.5,..,..,..,..,87.3,98.6,98.6,98.6,98.6,98.3,98.5,98.4,98.6,98.6,97,98.6,98.8,98.9,98.9,99,99,98,98.4,98.2,98.6,98.7,98.8,98.4,98.4,..,..,..
Brazil,BRA,"Mortality rate, under-5 (per 1,000 live births)",SH.DYN.MORT,169.1,164.6,160.4,156.2,152.4,148.8,145.5,142.2,139,135.9,132.6,129.2,125.8,122.4,119,115.6,112,108.3,104.4,100.2,95.9,91.6,87.5,83.7,80.1,76.9,73.9,71.1,68.4,65.7,63,60.2,57.2,54.1,51,47.9,44.9,42.1,39.5,37,34.6,32.4,30.3,28.3,26.4,24.7,23.2,21.8,20.6,19.5,18.6,17.9,17.2,16.7,16.3,15.9,16.7,15.3,15,14.8,14.5,14.3,14,..
Brazil,BRA,"Prevalence of underweight, weight for age (% of children under 5)",SH.STA.MALN.ZS,..,..,..,..,..,..,..,..,..,..,..,..,..,..,..,..,..,..,..,..,..,..,..,..,..,..,..,..,..,5.6,..,..,..,..,..,..,4.5,..,..,..,..,..,..,..,..,..,..,2.2,..,..,..,..,..,..,..,..,..,..,..,3.5,..,..,..,..
Brazil,BRA,"Immunization, measles (% of children ages 12-23 months)",SH.IMM.MEAS,..,..,..,..,..,..,..,..,..,..,..,..,..,..,..,..,..,..,..,..,57,73,66,68,73,67,67,64,62,60,78,85,91,85,77,87,80,99,95,99,99,99,96,97,97,98,99,99,99,99,99,99,99,98,97,96,95,87,92,91,79,73,81,..
Brazil,BRA,"Primary completion rate, total (% of relevant age group)",SE.PRM.CMPT.ZS,..,..,..,..,..,..,..,..,..,..,76.4418029785156,80.8101425170898,63.3935890197754,65.7283935546875,67.7566223144531,67.7146987915039,65.254020690918,65.4124526977539,67.2868423461914,69.4255828857422,71.6910629272461,72.2169189453125,73.5881576538086,..,76.2355117797852,76.2078323364258,..,81.3498229980469,..,..,..,..,93.0722274780273,92.2810897827148,89.6515808105469,..,..,..,..,..,..,..,..,..,..,..,..,..,..,..,..,..,..,..,..,..,..,..,..,..,..,..,..,..
Brazil,BRA,"School enrollment, primary (% gross)",SE.PRM.ENRR,..,..,..,..,..,..,..,..,..,..,120.172958374023,124.864677429199,122.970611572266,124.110168457031,123.05436706543,121.678749084473,117.838882446289,122.861518859863,127.582473754883,133.979690551758,135.243789672852,132.287490844727,136.230026245117,131.560684204102,138.046951293945,134.274475097656,..,130.363708496094,136.820465087891,131.281356811523,142.505386352539,131.619064331055,132.125915527344,132.893035888672,136.602127075195,..,..,143.482223510742,..,148.712951660156,..,..,..,..,..,..,..,..,..,..,..,..,104.7822265625,109.945137023926,110.316459655762,109.152183532715,108.757843017578,109.80850982666,108.623291015625,107.407470703125,105.498199462891,103.4716796875,..,..
Brazil,BRA,"School enrollment, secondary (% gross)",SE.SEC.ENRR,..,..,..,..,..,..,..,..,..,..,25.954610824585,28.109260559082,33.4781494140625,35.1854400634766,45.2598114013672,47.4099998474121,50.5740814208984,53.2825584411621,54.604061126709,..,..,..,..,..,..,50.8612785339355,..,..,..,..,..,..,..,..,..,..,..,..,..,..,..,..,..,..,..,..,..,..,..,..,..,..,94.3209762573242,103.917678833008,102.635528564453,100.920516967773,102.569511413574,103.015960693359,105.00707244873,103.953277587891,104.125999450684,106.651901245117,..,..
Brazil,BRA,"School enrollment, primary and secondary (gross), gender parity index (GPI)",SE.ENR.PRSC.FM.ZS,..,..,..,..,..,..,..,..,..,..,..,..,..,..,..,..,..,..,..,..,..,..,..,..,..,..,..,..,..,..,..,..,..,..,..,..,..,..,..,..,..,..,1.0129599571228,1.03544998168945,1.03352999687195,1.02884995937347,..,1.04399001598358,1.03873002529144,1.04416000843048,..,1.02467000484467,1.02224004268646,1.01664996147156,1.01811003684998,1.01473999023438,1.00854003429413,1.00513005256653,1.00668001174927,1.00990998744965,1.00648999214172,..,..,..
Brazil,BRA,"Prevalence of HIV, total (% of population ages 15-49)",SH.DYN.AIDS.ZS,..,..,..,..,..,..,..,..,..,..,..,..,..,..,..,..,..,..,..,..,..,..,..,..,..,..,..,..,..,..,0.2,0.2,0.2,0.2,0.2,0.2,0.2,0.3,0.3,0.3,0.3,0.3,0.3,0.4,0.4,0.4,0.4,0.4,0.4,0.5,0.5,0.5,0.5,0.5,0.5,0.5,0.5,0.5,0.5,0.5,0.6,0.6,0.6,..
Brazil,BRA,Forest area (sq. km),AG.LND.FRST.K2,..,..,..,..,..,..,..,..,..,..,..,..,..,..,..,..,..,..,..,..,..,..,..,..,..,..,..,..,..,..,5888980,5851170.6,5813361.2,5775551.8,5737742.4,5699933,5662123.6,5624314.2,5586504.8,5548695.4,5510886,5471378.1,5431870.2,5392362.3,5352854.4,5313346.5,5273838.6,5234330.7,5194822.8,5155314.9,5115807,5100415.2,5085023.4,5069631.6,5054239.8,5038848,5020821,5000916,4990514,4977985,4966196,4953913.667,..,..
Brazil,BRA,Terrestrial and marine protected areas (% of total territorial area),ER.PTD.TOTL.ZS,..,..,..,..,..,..,..,..,..,..,..,..,..,..,..,..,..,..,..,..,..,..,..,..,..,..,..,..,..,..,..,..,..,..,..,..,..,..,..,..,..,..,..,..,..,..,..,..,..,..,..,..,..,..,..,..,20.7372842292403,28.5782526119273,28.5782526119273,28.5782512013805,29.2372083081929,29.2563048918493,29.2563048918493,..
Brazil,BRA,"Annual freshwater withdrawals, total (% of internal resources)",ER.H2O.FWTL.ZS,..,..,..,..,..,..,..,..,..,..,..,..,..,..,..,..,..,..,..,..,..,..,..,..,..,..,..,0.61897191308956,0.657893187304363,0.696814461520933,0.735735735735736,0.774657009950539,0.813578284167108,0.852499558381911,0.891420832596714,0.930342106813284,0.968556792086204,0.974209503621268,0.979862215156333,0.985514926691397,0.991167638226462,0.996820349761526,1.00247306129659,1.00812577283166,1.01377848436672,1.01943119590178,1.02508390743685,1.0990990990991,1.17295530824943,1.2468799682035,1.32080462815757,1.27743552375905,1.23406641936054,1.19069731496202,1.14859565447801,1.1280692457163,1.17134781840664,1.16021904257198,1.17470411588059,1.19130895601484,1.18689277512807,..,..,..
Brazil,BRA,Urban population growth (annual %),SP.URB.GROW,..,5.1234008713365,5.02001994039407,4.95626414893516,4.87398545214055,4.76445538443296,4.64555406988263,4.52007360661457,4.40841213780256,4.30343216103425,4.23785041925743,4.20272071535555,4.14517581301723,4.0861719665349,4.01974804296631,3.9548203050691,3.91156126492938,3.87359901245006,3.84507717044162,3.80231527870405,3.76126195214051,3.69589270707137,3.62316718769434,3.54841898565849,3.4642525519898,3.3658066223408,3.2660800085832,3.16284799861537,3.06804302306751,2.97084429714669,2.87472984486413,2.76363488842654,2.66297920658142,2.58830807115717,2.53343668321276,2.47750694957778,2.41815136862955,2.44836342808162,2.39135144668643,2.31243377271602,2.22769397356534,1.76433391214426,1.66300648431476,1.57937265407228,1.52549407216353,1.49578304716073,1.44969502534998,1.39819368757787,1.34733900695877,1.3047718800979,1.2850668095719,1.278956660978,1.24477663663604,1.20455580861832,1.18940932455394,1.17064141409405,1.12788207695939,1.10209658803347,1.09455847667219,1.06023755345792,0.951553410794994,0.808423004096535,0.731782791660602,0.779482105140141
Brazil,BRA,Energy use (kg of oil equivalent per capita),EG.USE.PCAP.KG.OE,..,..,..,..,..,..,..,..,..,..,..,706.539047007619,739.126566635697,790.79294197886,821.729740093783,837.973518340737,859.160972475153,867.229470459537,901.243448921711,935.940378662212,931.005384215441,872.59877639711,867.123598354415,868.990658462603,904.796268395166,945.68249546472,969.643811551219,987.363022308215,981.479232929484,982.656224051485,930.331453772057,931.664947625465,925.894416570949,933.849784659419,967.588932153212,985.196513197833,1021.83833926006,1057.72522153162,1067.31265898785,1076.11239876656,1065.77369262446,1070.14058731584,1084.67590148833,1089.510543868,1137.06927764977,1152.75656985554,1180.04791975066,1234.19870587426,1290.16781897111,1236.15398320693,1354.07546508009,1362.56078162648,1408.85252774701,1456.10904746834,1490.42584610757,..,..,..,..,..,..,..,..,..
Brazil,BRA,CO2 emissions (metric tons per capita),EN.ATM.CO2E.PC,..,..,..,..,..,..,..,..,..,..,..,..,..,..,..,..,..,..,..,..,..,..,..,..,..,..,..,..,..,..,1.31313162278407,1.34002976265688,1.33331845207455,1.35861090138514,1.38213969207396,1.47560355931892,1.58045439982994,1.66918123176385,1.69894488419783,1.73476944842688,1.7835001158786,1.79211227785649,1.76065124423135,1.70185253648103,1.77844124428615,1.77566292246976,1.77747795657257,1.847975735626,1.93921527398251,1.79932814185315,2.02660566892286,2.11062775987293,2.2714176835721,2.4134465369818,2.51459195963426,2.36536062099671,2.16125984748939,2.18548661863967,2.06426147881772,2.05077012882977,1.94252335631484,..,..,..
Brazil,BRA,Electric power consumption (kWh per capita),EG.USE.ELEC.KH.PC,..,..,..,..,..,..,..,..,..,..,..,453.909941416448,492.458109883044,547.098425935436,596.652236998011,642.600451341008,712.377486491983,779.718175249008,848.922338610597,929.330317319931,1003.39866297848,1008.50808105518,1043.03206115609,1098.77759799269,1195.0367011723,1268.89870523554,1339.61977639394,1352.9869780259,1403.73440938514,1433.52101526903,1444.2514290331,1469.85930187699,1478.33118741733,1522.14509040044,1551.69752515075,1619.45062422527,1672.631979251,1748.42336136535,1795.07923196638,1820.04593204693,1885.66546497112,1737.97615659531,1797.26816236679,1873.81236868275,1948.58174018788,2008.56721006521,2065.19220177374,2160.23263259907,2222.41579209327,2189.997777527,2366.38012019669,2422.57622111654,2492.83786417253,2560.09555974195,2610.99928167575,..,..,..,..,..,..,..,..,..
Brazil,BRA,GDP (current US$),NY.GDP.MKTP.CD,..,..,..,..,..,..,..,..,..,..,..,..,..,..,..,..,..,..,..,..,..,..,..,..,..,..,..,..,..,425595310393.455,384959818181.817,342534090909.091,328191909882.232,368292034380.96,525369467295.737,769333050986.905,850426432991.742,883206179730.462,863710759256.435,599642024319.531,655448231983.527,559983634798.981,509795273806.715,558233745651.874,669289424806.307,891633839853.105,1107626541710.74,1397114486471.38,1695855083552.05,1666996438681.46,2208837745214.23,2616156223977.47,2465227803011.57,2472819535742.73,2456043727198.85,1802212206904.68,1795693482652.52,2063514977334.32,1916933898038.36,1873288205186.45,1476107231194.11,1670647399034.67,1951923942083.32,2173665655937.27
Brazil,BRA,GDP growth (annual %),NY.GDP.MKTP.KD.ZG,..,8.60000000000014,6.59999999999992,0.600000000000065,3.39999999999985,2.40000000000001,6.7000000000001,4.2,9.79999999999998,9.49999999999993,10.4,11.3429219931908,11.9403481162508,13.9687217796782,8.15393868457201,5.16664908406321,10.2571295347867,4.93432806978961,4.96989768924738,6.7595601220408,9.19999999999976,-4.24999999999956,0.829999999999529,-2.92999999999996,5.39999999999988,7.85000000000042,7.48999999999982,3.52999999999983,-0.059999999999917,3.16000000000032,-4.35000000000022,1.03218958549303,-0.54407204977727,4.9246900037071,5.85287036219013,4.22379363350413,2.20886405039022,3.39484598630671,0.338097901207306,0.467937566477133,4.38794944745618,1.38989640095637,3.05346185909312,1.14082899824888,5.75996463670954,3.20213206130431,3.96198871122617,6.06987060678338,5.09419544658736,-0.125812002161169,7.52822581815364,3.97442307944702,1.92117598576537,3.00482266944432,0.503955740242247,-3.54576339269425,-3.27591690782192,1.32286905404399,1.783666761634,1.22077782360842,-3.2767587964736,4.76260437908608,3.01669435393015,2.90848048667777
Brazil,BRA,"Inflation, GDP deflator (annual %)",NY.GDP.DEFL.KD.ZG,..,34.6178049419981,50.2494544807889,78.4174334561054,89.5336653268287,58.9331842000454,37.9360979573494,26.528941929666,26.7067163627493,20.0517842311481,16.2551115402188,19.3845851134334,19.867091675534,29.5803566969394,34.6058549964615,33.9294367418917,41.2036240161754,45.3980562145509,38.227611227227,54.365960027812,92.1419446109039,100.528877121889,101.034394745721,131.484045057202,201.740282133397,248.543659125921,149.179318289698,206.208708657138,627.951470204274,1304.42420943485,2736.97067768831,416.678093932004,969.012962839962,1996.15024717719,2240.16886623198,93.9780430551367,18.4562437687673,7.72902341184411,4.92436158488788,8.0105008831072,5.60606514085735,8.22509432125631,9.79811223755975,14.0910215230394,7.75206076321267,7.43122475252851,6.77427411913297,6.43903808702757,8.7785527236756,7.31348274592885,8.42333833667878,8.3185922188201,7.9431269413538,7.50456453292993,7.84670974352809,7.56617501207116,8.10360435870246,3.67138451275035,4.49353433137021,4.22425886899158,6.47249960755747,13.047270877833,8.5702819532232,4.65899475870381
Brazil,BRA,"Agriculture, forestry, and fishing, value added (% of GDP)",NV.AGR.TOTL.ZS,15.7324002723214,15.0775745506323,16.0956221521686,14.9527276034738,16.0257409969906,16.1730580381049,12.7406870833119,12.8060712909637,11.8074433336582,11.1616578507582,10.3736037888025,11.0895978783913,11.0886841713341,10.8552720762674,10.7525650964627,10.2284133373438,11.4179751116876,12.9181653948472,10.3033989380261,10.0623135726686,9.85064014666091,9.84352053707369,8.37088098224286,10.5333125847257,11.5957591661207,11.1046094361025,10.3813044375438,9.35991036563515,9.79655593394572,8.44158737716968,6.96344065508138,6.84138937730153,6.80608488408303,6.77810923883982,8.72198937517673,5.01166646465693,4.76841121077967,4.68504702949228,4.7500447835131,4.64598154008681,4.75045997570861,4.80104301642181,5.47527489339298,6.1671843856504,5.66531157603221,4.6511688230456,4.37004377780257,4.41691543601929,4.56785118011052,4.47677399182984,4.11575648758173,4.34203412773382,4.1683282240444,4.5068861822272,4.32561053879483,4.31914942942436,4.89135358845478,4.60059169575972,4.42039930378329,4.2050140943502,5.71148511544041,6.55876261159667,5.76747490819457,6.24138467625666
Brazil,BRA,"Industry (including construction), value added (% of GDP)",NV.IND.TOTL.ZS,28.3180180644912,32.2834024842557,30.918539930888,34.3695206957555,32.4043400517206,29.0264176815035,28.5165395666702,28.6915788481054,30.6396573405108,31.5541595016891,32.1836451133203,32.9461973881395,32.7994932908533,31.6975657572163,33.3412563148844,33.9629154258264,34.8677256052904,34.0182314134794,35.613237072759,37.1187322699334,39.1973414458923,40.0861616685447,42.5527983829386,42.3261293483135,46.2527651071452,43.5996112284083,42.0198689617747,42.9015198568736,42.2697313812777,42.2838305792496,33.2718833933397,31.7672428092758,34.1322718402493,37.2991204114669,35.4209197179743,23.3814603902749,22.340114560034,22.5941476157036,22.1187903791379,21.746711247782,23.0066186321239,22.6395279130452,22.4953278200255,23.0838178175003,24.306623290035,24.1725782837817,23.5440216663883,23.1253804056441,23.0852937518579,21.8785926250332,23.267977354744,23.1020509658435,22.1336473635238,21.2248099498483,20.4724627471447,19.3600439808819,18.3547582787182,18.1885023093992,18.7490514525621,18.7546275712259,19.5061183910265,22.1234751937997,22.819456851691,22.2631820393204
Brazil,BRA,Exports of goods and services (% of GDP),NE.EXP.GNFS.ZS,6.28181356216762,6.42021675517618,4.00847871772255,8.93314544401188,6.46099666497353,7.50316443059153,6.53020390757968,5.67719217542334,5.99087444407956,6.67156538418794,7.02942560498826,6.45722050038782,7.27211396407972,7.84487342902518,7.67312781088189,7.21800682637617,7.01316307160746,7.24526115542366,6.69298607932397,7.24078004876568,8.96239487326747,9.62284037096842,7.90048452532258,12.2437555659291,15.0354125354877,12.9485790961438,9.21727907000127,9.82848202733551,11.6673585476931,8.92960967188901,8.19723805886395,8.67763659887868,10.8683116605935,10.5032716554144,9.51307642702004,7.52887503847073,6.73020968312685,6.98364957530895,7.03050033871807,9.5648982609794,10.1880480043795,12.37171066993,14.2305902713775,15.1807837086861,16.5457615119353,15.2438292672646,14.3743163003006,13.327675103099,13.5340005124035,10.851371134098,10.8655847746965,11.5825126782808,11.8775390694448,11.742230645138,11.0119428190539,12.9001914177405,12.4666790443888,12.5189678700669,14.6349994952986,14.1229191903622,16.4535520107044,19.1094303673866,19.6307650034371,18.1102794216442
Brazil,BRA,Imports of goods and services (% of GDP),NE.IMP.GNFS.ZS,6.33365796570683,6.47318002375161,5.37637142513745,9.00683897968623,5.7448086952101,5.38887067351762,5.73309020008774,5.67719217542334,6.59975191810417,6.6043593076252,7.44974776115019,8.1936964789171,8.85983865755849,9.01131570710858,13.2946502579637,11.0163235419587,9.40238491080544,7.90998824970282,7.88490151920172,9.32610255823822,11.1930126187023,10.0100836217408,8.59068584640934,9.65659695727417,8.79466213028454,7.50118748793232,6.64337507524514,6.43391531173935,6.09988616208469,5.46126797532435,6.95836495806649,7.91444116378595,8.38506312730241,9.09604889204913,9.16168336908223,9.45558496072482,8.90538179274132,9.59255968601575,9.40808459248784,11.4172682172491,12.4517133524146,14.564574352134,13.3877671308534,12.9596010144732,13.1324909668183,11.8429659383147,11.6673835850045,11.9649362705808,13.723568904076,11.2546044706088,11.9065933373084,12.3518924970444,13.2367345392086,14.0437266803948,13.6734629940752,14.0534345182709,12.0670030360511,11.8007665046081,14.2412038806757,14.7673386775793,15.8485265356365,18.5469003894967,19.1853009729027,15.7436671722105
Brazil,BRA,Gross capital formation (% of GDP),NE.GDI.TOTL.ZS,17.5232269408406,18.8354665120659,20.3126738423307,19.0396965842808,18.8226041657334,19.4218502397387,19.0343850340575,16.6495536472918,18.8871335395952,22.5249333862905,20.5420007091554,21.2625148787298,21.2085471898153,22.0447346391829,24.3114640242604,25.6975921331099,23.0421198404484,22.0475188520747,23.0331267356395,23.1379277243404,23.1135062558596,23.580302746211,21.8998565393313,17.8825127668248,17.4692254111657,20.299093219092,19.9608396615159,23.1736016647865,24.3442266859346,26.9027870382664,20.1677089633283,19.768768868394,18.9345399423489,20.8463552065145,22.1455629464805,17.2923463458623,17.2669463759545,17.7639856110956,18.1647519194741,17.3895597435179,18.9031192683871,18.7418602950836,17.4490794834956,16.8566884007152,17.9125683422575,17.2048834502888,17.8164738749106,19.8193259816283,21.6193828534717,18.7961350286791,21.8013215574365,21.8262711161868,21.4172253674119,21.6937669552157,20.5484107553739,17.4116258666294,14.9695469737745,14.6255875981079,15.0950416289449,15.5167907998924,16.1158206052173,19.521885019122,18.0882204442366,16.0859873495074
Brazil,BRA,"Revenue, excluding grants (% of GDP)",GC.REV.XGRT.GD.ZS,..,..,..,..,..,..,..,..,..,..,..,..,..,..,..,..,..,..,..,..,..,..,..,..,..,..,..,..,..,..,..,..,..,..,..,..,..,..,..,..,..,..,..,..,..,..,..,..,..,..,28.9964370674468,29.1008030572235,29.6660502664772,28.6511222344884,27.3715145442707,29.25143160027,29.6701052640299,27.8247298509471,28.5828852342878,29.1518761025088,25.6990311015294,27.3268878276443,29.6160361326009,..
Brazil,BRA,Time required to start a business (days),IC.REG.DURS,..,..,..,..,..,..,..,..,..,..,..,..,..,..,..,..,..,..,..,..,..,..,..,..,..,..,..,..,..,..,..,..,..,..,..,..,..,..,..,..,..,..,..,..,..,..,..,..,..,..,..,..,..,86.6,83.6,86,82.5,82.5,20.1,16.6,..,..,..,..
Brazil,BRA,Domestic credit provided by financial sector (% of GDP),FS.AST.DOMS.GD.ZS,..,..,..,..,..,..,..,..,..,..,..,..,..,..,..,..,..,..,..,..,..,..,..,..,..,..,..,..,..,..,..,..,..,..,..,..,..,..,..,..,..,..,..,..,..,..,..,..,..,..,..,..,..,..,..,..,..,..,..,..,..,..,..,..
Brazil,BRA,Tax revenue (% of GDP),GC.TAX.TOTL.GD.ZS,..,..,..,..,..,..,..,..,..,..,..,..,..,..,..,..,..,..,..,..,..,..,..,..,..,..,..,..,..,..,..,..,..,..,..,..,..,..,..,..,..,..,..,..,..,..,..,..,..,..,14.2495759565686,14.8512987831907,14.332411090207,14.1253057430265,13.4900745188201,13.6296293654077,13.7104309816062,13.605228515206,13.9401079935106,13.7376948362641,12.7193878571982,14.1366751318622,14.7258479184963,..
Brazil,BRA,Military expenditure (% of GDP),MS.MIL.XPND.GD.ZS,2.67913472590723,2.36406619385343,2.39868330737835,2.26083918239834,2.01449809094829,3.35209215674899,3.0219816316073,2.85697200831844,2.64974015836375,2.61559000626652,2.88728955692843,2.61904685858105,2.43581199022501,2.15465130649243,1.94135341120892,1.97214379625895,2.00275336513055,1.68772647800164,1.59967155032807,1.52193168607333,1.13843442074363,1.14314876818876,1.30353436107498,1.25458032300474,1.19954104516533,1.42952312218953,1.22038872750142,1.74399403145367,2.1180722049862,2.68625,2.36384102519699,1.96333333333333,1.52152886115445,1.92792281498297,2.016007789121,1.86213698033379,1.65484349950291,1.57768831551774,1.66229191975824,1.64547466656987,1.73072614713627,1.95188244532532,1.89577119915617,1.50347763554507,1.46126840890621,1.52401339252107,1.48108489489303,1.46629209992902,1.44192409343118,1.53862569660074,1.53940698112515,1.41185115924524,1.37865646470437,1.32944608407492,1.330244423168,1.36551715396161,1.34797541299482,1.41402166797586,1.46967772350671,1.38279724638797,1.32666026860555,1.16368211072875,1.05342201124086,..
Brazil,BRA,Mobile cellular subscriptions (per 100 people),IT.CEL.SETS.P2,0,..,..,..,..,0,..,..,..,..,0,..,..,..,..,0,0,0,0,0,0,0,0,0,0,0,0,0,0,0,0.000442582,0.004369477,0.020525874,0.114869348,0.356570578,0.786185011,1.504575585,2.69954844,4.307896658,8.665064415,13.18455708,16.13010807,19.32713015,25.39202175,35.51552318,46.15180215,52.91720162,63.4135915,78.18528647,87.07984742,100.293596,118.2517092,124.1756934,134.3929329,137.9776265,125.6477067,117.9869738,106.1217992,99.64002652,95.38505233,96.54706819,102.48887,98.89102076,..
Brazil,BRA,High-technology exports (% of manufactured exports),TX.VAL.TECH.MF.ZS,..,..,..,..,..,..,..,..,..,..,..,..,..,..,..,..,..,..,..,..,..,..,..,..,..,..,..,..,..,..,..,..,..,..,..,..,..,..,..,..,..,..,..,..,..,..,..,12.6091997508653,12.7577247617512,14.7582206485491,12.5894529026096,11.1404999922466,11.8872133264759,11.9697168242237,12.3710552617293,14.485714883982,15.999958400192,14.3117190041583,14.7439120323979,14.0664586517771,11.3500476471567,9.00153466515671,9.04578247691606,..
Brazil,BRA,Merchandise trade (% of GDP),TG.VAL.TOTL.GD.ZS,..,..,..,..,..,..,..,..,..,..,..,..,..,..,..,..,..,..,..,..,..,..,..,..,..,..,..,..,..,12.751080351386,14.0108129349038,15.9303851640514,17.9495588484002,17.9637336200341,15.1773190037926,13.0818505549573,12.3147630338316,13.2739107459346,12.9432218832426,16.6399278158047,17.356366902651,20.8343588544121,21.6090665528153,22.2279647130794,24.3707720388985,21.9997258103524,21.1831326863666,20.608690467966,22.3890592823963,17.2267914517647,17.8201409701926,18.8204357020936,19.2824776444309,19.6062022720303,18.7979552190855,20.3772895662905,18.0862715790592,18.4560327491288,22.1567368825099,22.1156039339267,25.4396152301364,30.8566008780709,32.0904409488135,27.2537774326916
Brazil,BRA,Net barter terms of trade index (2015 = 100),TT.PRI.MRCH.XD.WD,..,..,..,..,..,..,..,..,..,..,..,..,..,..,..,..,..,..,..,..,68.8095999927,57.6772474832,55.5513679328,53.7070063853,57.9079022036,57.8049731225,68.3455752933,60.7658267467,78.5064786439,69.1628947152,61.878477937,73.4855756373,76.3362577587,81.2772955358,94.0171891293,102.7946927739,100.8910873125,106.5624798059,106.4345536944,96.0711892094,93.130234471,92.9210160023,91.6412454095,90.5691548297,92.0934113797,92.8566472526,97.8178458256,101.3616681476,104.951781877,101.6776972165,118.5256739214,127.2950095788,120.3896496741,117.1227603487,113.1889183835,100,102.3710937208,108.2356937329,106.8817981416,107.0374943851,107.6735521872,123.2309620465,..,..
Brazil,BRA,"External debt stocks, total (DOD, current US$)",DT.DOD.DECT.CD,..,..,..,..,..,..,..,..,..,..,5984162468.6,7726273573.1,11863655548.9,15066000213.8,22464958636,27781563139.4,33801318618.9,42500176105.4,55032094032.5,61795286977.7,71983934096.8,81914155928.9,94428719113.5,99022210538.2,104364922436.4,104173244270.1,109645181057.1,120476573202.5,118039405885,114930095027.7,120311895094.7,121336709129.8,129535948557.2,144599577124.3,152903103557.7,160964228343.5,181793526989.2,198980293495.1,241998415763.8,245114967226,242511685521.8,229959717402.1,231944181034.5,235907984168.4,220693592600.6,188364545589.9,194303018016.9,238444452622.6,262957236462.6,281651138432.4,352364412862.6,404046105342.1,440496598192.8,483734834011.9,556919631071.7,543397356309.8,543257228545.3,543000470110.9,557765380774.6,568708887352.2,549300435898.2,571506915117.1,578599020063.3,..
Brazil,BRA,"Total debt service (% of exports of goods, services and primary income)",DT.TDS.DECT.EX.ZS,..,..,..,..,..,..,..,..,..,..,..,..,..,..,..,43.8291052751786,38.3154353700257,42.8202912842339,58.4098097308303,63.1377316207356,63.6377355664876,66.5922874118783,82.1185150147003,54.9154356784849,45.5947727068366,39.3440559944044,46.4818301742867,41.8498559679777,45.9339243641203,36.5420809949249,22.6383320676081,23.4250892533899,21.2407373813995,25.1582593726477,31.2418390594001,38.5656818553246,43.6947788680517,59.8465348008431,80.7559155534618,116.563894236312,86.1821613930119,70.9002889822691,71.1877150849996,67.3700686372015,48.0910898120734,45.8097063907714,38.1773543217312,28.1568207732626,23.5414024891681,23.5595911611389,18.4296682676097,18.7690515486759,15.7314132277102,28.0671181416749,22.9484422129242,39.7792835988014,51.0549755813973,34.7679517027382,33.3092941558599,53.4690237633203,50.3500554801431,46.7185294130904,29.917550262596,..
Brazil,BRA,Net migration,SM.POP.NETM,51401,369,2383,1837,2787,10232,-6967,-268,-6056,-5043,-3856,-14008,-6485,-3826,-6487,-7793,-15633,8791,7653,8024,11959,-14927,-23807,-17884,-20225,-13535,-24426,-22335,-11309,-2800,6457,-30659,-20270,-21956,-11642,-26337,-24330,-20429,-22409,-26152,-1761,3453,6018,-16908,-5390,-42926,-34007,-30331,-35373,-29357,16843,33631,43451,35308,24940,4764,82589,56362,67934,69186,56880,20376,6425,6000
Brazil,BRA,"Personal remittances, received (current US$)",BX.TRF.PWKR.CD.DT,..,..,..,..,..,..,..,..,..,..,..,..,..,..,..,82000000,81000000,61000000,113000000,73000000,111000000,124000000,57000000,29000000,46000000,40000000,40000000,42000000,32000000,120000000,573000000,1110000000,1791000000,1247000000,2068000000,2952000000,2059000000,1572000000,1236000000,1501000000,1349591000,1448914000,2003791000,2286680000,2812514000,2805358000,3287162000,3305694000,3642585000,2889159500,3082801866.11,3214602242.94,2784072055.49,2717675068.66,2647908513.04,2896909951.71,2739786526.59,2698770651.24,2933489276.49,3213621676.71,3566219438.48,4102018147.7,4973758734.57,4433700953.4
Brazil,BRA,"Foreign direct investment, net inflows (BoP, current US$)",BX.KLT.DINV.CD.WD,..,..,..,..,..,..,..,..,..,..,391699999.9,449000000,459899999.9,1180700000,1207900000,1302000000,1555000000,1833000000,2006000000,2419000000,1911000000,2520000000,2910000000,1609000000,1594000000,1441000000,345000000,1169000000,2804000000,1131000000,989000000,1103000000,2061000000,1292000000,3072000000,4859000000,12552000000,18992934310.6468,28855609916.42,28385675614.9902,32994718699.75,23225846372.251,16586600193.114,10123013670.9901,18161380459.7533,15459981604.1196,19418085598.0794,44579492463.6336,50716402711.4787,31480931700,82389932468.07,102427228231.42,92568388321.34,75211029129.4,87713983217.24,64738153494.44,74294627801.19,68885491315.23,78183840044.98,69174411753.45,38270116307.45,46440503520.19,74606361830.23,64227330465.83
Brazil,BRA,Net official development assistance and official aid received (current US$),DT.ODA.ALLD.CD,39580001.8310547,290709991.455078,179990005.493164,185220001.220703,235490005.493164,234550003.051758,320920013.427734,180669998.168945,219669998.168945,139080001.831055,136850006.103516,120069999.694824,94430000.3051758,65099998.4741211,129809997.558594,132580001.831055,92529998.7792969,67559997.5585938,89279998.7792969,87760002.1362305,83150001.5258789,227130004.882813,177690002.441406,106720001.220703,153559997.558594,84970001.2207031,147740005.493164,293089996.337891,218750000,232399993.896484,174380004.882813,196139999.389648,-235580001.831055,197520004.272461,259869995.117188,264329986.572266,257799987.792969,229789993.286133,260609985.351563,144380004.882813,255679992.675781,252020004.272461,236410003.662109,229300003.051758,178279998.779297,217240005.493164,110199996.948242,328589996.337891,468630004.882813,374809997.558594,464779998.779297,840690002.441406,1288540039.0625,1155729980.46875,914150024.414063,1003190002.44141,674630004.882813,273869995.117188,444970001.220703,272500000,612539978.027344,1114540039.0625,577010009.765625,..
,,,,,,,,,,,,,,,,,,,,,,,,,,,,,,,,,,,,,,,,,,,,,,,,,,,,,,,,,,,,,,,,,,,
,,,,,,,,,,,,,,,,,,,,,,,,,,,,,,,,,,,,,,,,,,,,,,,,,,,,,,,,,,,,,,,,,,,
,,,,,,,,,,,,,,,,,,,,,,,,,,,,,,,,,,,,,,,,,,,,,,,,,,,,,,,,,,,,,,,,,,,
Data from database: World Development Indicators,,,,,,,,,,,,,,,,,,,,,,,,,,,,,,,,,,,,,,,,,,,,,,,,,,,,,,,,,,,,,,,,,,,
Last Updated: 09/19/2024,,,,,,,,,,,,,,,,,,,,,,,,,,,,,,,,,,,,,,,,,,,,,,,,,,,,,,,,,,,,,,,,,,,
